{
	"credit": "Made with Blockbench by Almost Reliable",
	"parent": "block/block",
	"textures": {
		"particle": "threng:blocks/machine/machine_top",
		"top": "threng:blocks/machine/machine_top",
		"wall": "threng:blocks/machine/machine_side"
	},
	"elements": [
		{
			"name": "machine_frame",
			"from": [0, 0, 0],
			"to": [16, 16, 16],
			"faces": {
				"east": {"uv": [0, 0, 16, 16], "texture": "#wall"},
				"south": {"uv": [0, 0, 16, 16], "texture": "#wall"},
				"west": {"uv": [0, 0, 16, 16], "texture": "#wall"},
				"up": {"uv": [0, 0, 16, 16], "texture": "#top"},
				"down": {"uv": [0, 0, 16, 16], "texture": "#top"}
			}
		},
		{
			"from": [0, 0, 0],
			"to": [16, 3, 1],
			"faces": {
				"north": {"uv": [0, 13, 16, 16], "texture": "#front"},
				"up": {"uv": [0, 13, 16, 14], "texture": "#front"}
			}
		},
		{
			"from": [2, 2, 1],
			"to": [14, 13, 2],
			"faces": {
				"north": {"uv": [2, 3, 14, 14], "texture": "#front"}
			}
		},
		{
			"from": [0, 3, 0],
			"to": [3, 8, 1],
			"faces": {
				"north": {"uv": [13, 8, 16, 13], "texture": "#front"},
				"east": {"uv": [13, 8, 14, 13], "texture": "#front"}
			}
		},
		{
			"from": [13, 3, 0],
			"to": [16, 8, 1],
			"faces": {
				"north": {"uv": [0, 8, 3, 13], "texture": "#front"},
				"west": {"uv": [2, 8, 3, 13], "texture": "#front"}
			}
		},
		{
			"from": [3, 7, 0],
			"to": [13, 8, 1],
			"faces": {
				"north": {"uv": [3, 8, 13, 9], "texture": "#front"},
				"up": {"uv": [3, 8, 13, 9], "texture": "#front"},
				"down": {"uv": [3, 8, 13, 9], "texture": "#front"}
			}
		},
		{
			"from": [4, 12, 0],
			"to": [12, 16, 1],
			"faces": {
				"north": {"uv": [4, 0, 12, 4], "texture": "#front"},
				"down": {"uv": [4, 3, 12, 4], "texture": "#front"}
			}
		},
		{
			"from": [6, 8, 0],
			"to": [10, 12, 1],
			"faces": {
				"north": {"uv": [6, 4, 10, 8], "texture": "#front"},
				"east": {"uv": [6, 4, 7, 8], "texture": "#front"},
				"west": {"uv": [9, 4, 10, 8], "texture": "#front"}
			}
		},
		{
			"from": [0, 8, 0],
			"to": [4, 16, 1],
			"faces": {
				"north": {"uv": [12, 0, 16, 8], "texture": "#front"},
				"east": {"uv": [12, 0, 13, 8], "texture": "#front"}
			}
		},
		{
			"from": [12, 8, 0],
			"to": [16, 16, 1],
			"faces": {
				"north": {"uv": [0, 0, 4, 8], "texture": "#front"},
				"west": {"uv": [3, 0, 4, 8], "texture": "#front"}
			}
		}
	],
	"display": {
		"thirdperson_righthand": {
			"rotation": [-10, 117, -2],
			"translation": [0, 1, 0],
			"scale": [0.4, 0.4, 0.4]
		},
		"thirdperson_lefthand": {
			"rotation": [-10, 117, -2],
			"translation": [0, 1, 0],
			"scale": [0.4, 0.4, 0.4]
		},
		"firstperson_righthand": {
			"rotation": [-10, 117, -2],
			"translation": [0, 1, 0],
			"scale": [0.4, 0.4, 0.4]
		},
		"firstperson_lefthand": {
			"rotation": [-10, 117, -2],
			"translation": [0, 1, 0],
			"scale": [0.4, 0.4, 0.4]
		}
	}
}